name,owner,created_at,github_url,pulls_merged,commits,stars,forks,has_contributing,has_readme,has_wiki,has_license,languages,age,domain,main_language,owner_type,newcomers,contributors,core_contributors,time_for_merge,cluster
torvalds/linux,torvalds,2011-09-04,https://github.com/torvalds/linux,8,214676,39990,19840,False,True,False,True,19,7,System software,C,User,7635,7636,1,213,2
antirez/redis,antirez,2009-03-21,https://github.com/antirez/redis,589,7150,31812,8468,True,True,False,True,8,9,System software,C,User,333,339,3,42,2
firehol/netdata,firehol,2013-06-17,https://github.com/firehol/netdata,1587,7344,31969,2669,False,True,True,True,13,5,System software,C,Organization,231,231,4,1,2
git/git,git,2008-07-23,https://github.com/git/git,1,35757,24206,12168,False,True,False,True,17,10,Software tools,C,Organization,1257,1690,1,353,2
SamyPesse/How-to-Make-a-Computer-Operating-System,SamyPesse,2013-11-29,https://github.com/SamyPesse/How-to-Make-a-Computer-Operating-System,42,60,17456,2963,False,True,False,True,6,5,Documentation,C,User,12,41,1,0,0
Bilibili/ijkplayer,Bilibili,2013-06-03,https://github.com/Bilibili/ijkplayer,28,2012,19080,5462,False,True,True,True,7,5,Non-web libraries and frameworks,C,Organization,63,63,2,9,2
wg/wrk,wg,2012-03-20,https://github.com/wg/wrk,0,69,17441,1392,False,True,True,True,3,6,Software tools,C,User,1,1,0,0,2
ggreer/the_silver_searcher,ggreer,2011-11-19,https://github.com/ggreer/the_silver_searcher,373,1487,16015,947,True,True,True,True,6,7,Software tools,C,User,217,223,4,26,2
kripken/emscripten,kripken,2011-02-12,https://github.com/kripken/emscripten,2538,17659,15531,1786,True,True,True,True,19,7,Software tools,C,User,420,427,11,7,2
php/php-src,php,2011-06-16,https://github.com/php/php-src,574,40106,19522,4839,True,True,False,True,18,7,System software,C,Organization,672,903,7,33,2
julycoding/The-Art-Of-Programming-By-July,julycoding,2013-12-14,https://github.com/julycoding/The-Art-Of-Programming-By-July,254,477,15038,5556,False,False,True,False,15,5,Documentation,C,User,26,126,3,0,1
grpc/grpc,grpc,2014-12-08,https://github.com/grpc/grpc,8392,8850,17277,3877,True,True,True,True,22,4,Non-web libraries and frameworks,C,Organization,215,215,66,5,2
bang590/JSPatch,bang590,2015-05-25,https://github.com/bang590/JSPatch,86,220,10600,2146,False,True,True,True,6,3,Non-web libraries and frameworks,C,User,46,62,1,2,2
vim/vim,vim,2015-08-18,https://github.com/vim/vim,0,3444,14142,1781,True,True,False,False,25,3,Software tools,C,Organization,1,1,0,0,1
stedolan/jq,stedolan,2012-07-18,https://github.com/stedolan/jq,143,966,12363,698,False,True,True,True,10,6,Software tools,C,User,94,103,4,26,2
irungentoo/toxcore,irungentoo,2013-06-24,https://github.com/irungentoo/toxcore,711,1966,8454,979,False,True,False,True,6,5,Software tools,C,User,110,231,2,1,1
FFmpeg/FFmpeg,FFmpeg,2011-04-14,https://github.com/FFmpeg/FFmpeg,15,58097,12280,4260,True,True,False,True,14,7,Application software,C,Organization,1145,1473,1,3,2
DrKLO/Telegram,DrKLO,2013-10-25,https://github.com/DrKLO/Telegram,14,241,10572,4021,False,True,False,True,10,5,Application software,C,User,7,12,1,10,1
tmux/tmux,tmux,2015-06-03,https://github.com/tmux/tmux,0,1616,11379,782,True,True,True,True,7,3,Application software,C,Organization,10,44,0,0,1
libuv/libuv,libuv,2013-11-30,https://github.com/libuv/libuv,304,1298,10444,1664,True,True,True,True,8,5,System software,C,Organization,244,361,8,9,2
torch/torch7,torch,2013-10-18,https://github.com/torch/torch7,411,1023,8050,1140,True,True,True,True,4,5,Non-web libraries and frameworks,C,Organization,148,156,6,3,0
twitter/twemproxy,twitter,2012-02-22,https://github.com/twitter/twemproxy,98,472,8327,1506,False,True,True,True,6,6,Software tools,C,Organization,67,68,5,15,1
jp9000/obs-studio,jp9000,2013-10-01,https://github.com/jp9000/obs-studio,705,5301,10633,2279,False,False,True,True,10,5,Software tools,C,User,259,264,7,5,2
arduino/Arduino,arduino,2010-09-17,https://github.com/arduino/Arduino,566,5703,8477,5432,True,True,True,True,8,8,Software tools,C,Organization,263,268,13,22,2
vurtun/nuklear,vurtun,2015-03-25,https://github.com/vurtun/nuklear,173,1165,10884,764,False,False,True,False,4,3,Software tools,C,User,97,98,2,5,2
h2o/h2o,h2o,2014-08-16,https://github.com/h2o/h2o,773,4779,7787,582,True,True,True,True,15,4,System software,C,Organization,90,102,3,7,2
robertdavidgraham/masscan,robertdavidgraham,2013-07-28,https://github.com/robertdavidgraham/masscan,52,242,8650,1408,False,True,True,True,3,5,Software tools,C,User,28,36,1,135,1
memcached/memcached,memcached,2009-04-24,https://github.com/memcached/memcached,24,719,8156,2343,True,True,True,True,10,9,System software,C,Organization,111,170,2,27,1
swoole/swoole-src,swoole,2012-07-21,https://github.com/swoole/swoole-src,384,7199,10683,2316,False,True,True,True,10,6,Non-web libraries and frameworks,C,Organization,126,127,8,1,2
antirez/disque,antirez,2015-04-27,https://github.com/antirez/disque,70,107,7073,498,False,True,True,True,4,3,Non-web libraries and frameworks,C,User,16,60,1,25,0
Microsoft/vscode,Microsoft,2015-09-03,https://github.com/Microsoft/vscode,2692,36826,39990,7636,True,True,True,True,33,3,Software tools,TypeScript,Organization,756,808,35,8,2
ionic-team/ionic,ionic-team,2013-08-20,https://github.com/ionic-team/ionic,1109,8699,35401,11907,False,True,False,True,4,5,Non-web libraries and frameworks,TypeScript,Organization,302,302,16,12,1
angular/angular,angular,2014-09-18,https://github.com/angular/angular,2880,10658,39990,10004,True,True,False,True,8,4,Web libraries and frameworks,TypeScript,Organization,800,820,38,4,2
Microsoft/TypeScript,Microsoft,2014-06-17,https://github.com/Microsoft/TypeScript,7056,22054,39323,5518,True,True,True,True,6,4,Software tools,TypeScript,Organization,374,387,32,5,2
ant-design/ant-design,ant-design,2015-04-24,https://github.com/ant-design/ant-design,2238,10142,33912,11027,False,True,True,True,5,3,Web libraries and frameworks,TypeScript,Organization,692,718,28,1,2
railsware/upterm,railsware,2015-03-22,https://github.com/railsware/upterm,291,2437,19001,606,True,True,True,True,3,3,Software tools,TypeScript,Organization,67,75,6,3,2
angular-ui/ui-router,angular-ui,2013-01-18,https://github.com/angular-ui/ui-router,283,1854,13914,3276,True,True,True,True,3,5,Web libraries and frameworks,TypeScript,Organization,193,201,8,10,2
angular/angular-cli,angular,2015-06-04,https://github.com/angular/angular-cli,2039,2934,19673,4391,True,True,True,True,5,3,Software tools,TypeScript,Organization,422,426,16,4,2
DefinitelyTyped/DefinitelyTyped,DefinitelyTyped,2012-10-05,https://github.com/DefinitelyTyped/DefinitelyTyped,20595,49898,17607,14501,False,True,True,True,3,6,Documentation,TypeScript,Organization,8431,8505,41,5,2
NativeScript/NativeScript,NativeScript,2015-03-01,https://github.com/NativeScript/NativeScript,1890,3507,14868,1099,True,True,True,True,6,3,Non-web libraries and frameworks,TypeScript,Organization,138,148,38,2,2
angular/material2,angular,2016-01-04,https://github.com/angular/material2,4497,4168,15845,3958,True,True,True,True,6,2,Web libraries and frameworks,TypeScript,Organization,303,329,12,8,2
graphcool/chromeless,graphcool,2017-06-01,https://github.com/graphcool/chromeless,88,72,13053,556,True,True,True,True,2,1,Web libraries and frameworks,TypeScript,Organization,15,51,6,20,2
sahat/satellizer,sahat,2014-07-04,https://github.com/sahat/satellizer,191,994,8102,1258,False,True,False,True,2,4,Web libraries and frameworks,TypeScript,User,99,140,2,3,0
ReactiveX/rxjs,ReactiveX,2015-03-15,https://github.com/ReactiveX/rxjs,1234,3026,14947,1470,True,True,False,True,7,3,Web libraries and frameworks,TypeScript,Organization,270,278,10,11,2
akveo/ng2-admin,akveo,2016-05-25,https://github.com/akveo/ng2-admin,171,442,13248,4344,True,True,False,True,4,2,Web libraries and frameworks,TypeScript,Organization,27,27,4,5,2
cyclejs/cyclejs,cyclejs,2014-11-07,https://github.com/cyclejs/cyclejs,176,2557,8711,362,True,True,True,True,5,4,Web libraries and frameworks,TypeScript,Organization,118,127,4,7,2
palantir/blueprint,palantir,2016-10-25,https://github.com/palantir/blueprint,1352,975,11065,781,True,True,True,True,5,2,Web libraries and frameworks,TypeScript,Organization,110,136,12,2,2
witheve/Eve,witheve,2013-09-10,https://github.com/witheve/Eve,279,3202,6673,240,False,True,False,True,3,5,Software tools,TypeScript,Organization,41,41,6,1,0
google/google-api-nodejs-client,google,2013-03-06,https://github.com/google/google-api-nodejs-client,480,948,6772,1124,False,True,False,True,6,5,Non-web libraries and frameworks,TypeScript,Organization,95,108,10,4,2
BabylonJS/Babylon.js,BabylonJS,2013-06-27,https://github.com/BabylonJS/Babylon.js,3785,14628,7496,1548,False,False,False,True,6,5,Web libraries and frameworks,TypeScript,Organization,288,296,10,0,2
tensorflow/playground,tensorflow,2016-04-04,https://github.com/tensorflow/playground,13,30,7303,1447,True,True,True,True,4,2,Web libraries and frameworks,TypeScript,Organization,9,14,1,65,1
Microsoft/reactxp,Microsoft,2017-03-22,https://github.com/Microsoft/reactxp,400,486,6987,471,False,True,True,True,2,1,Non-web libraries and frameworks,TypeScript,Organization,55,89,4,1,2
mgechev/angular-seed,mgechev,2015-03-21,https://github.com/mgechev/angular-seed,725,1973,4759,1631,False,True,True,True,4,3,Software tools,TypeScript,User,215,227,6,0,2
winjs/winjs,winjs,2014-03-25,https://github.com/winjs/winjs,69,704,4035,497,True,True,True,True,4,4,Web libraries and frameworks,TypeScript,Organization,40,53,11,14,0
jquery/esprima,jquery,2011-11-23,https://github.com/jquery/esprima,90,792,4733,532,True,True,True,True,3,7,Web libraries and frameworks,TypeScript,Organization,58,62,3,3,2
postgraphql/postgraphql,postgraphql,2016-04-14,https://github.com/postgraphql/postgraphql,262,534,5842,286,True,True,True,True,6,2,Software tools,TypeScript,Organization,60,71,3,5,2
apollographql/apollo-client,apollographql,2016-02-26,https://github.com/apollographql/apollo-client,1664,3934,3660,961,True,True,False,True,3,2,Non-web libraries and frameworks,TypeScript,Organization,355,376,19,3,2
theintern/intern,theintern,2013-03-26,https://github.com/theintern/intern,17,1092,4046,296,True,True,True,True,4,5,Non-web libraries and frameworks,TypeScript,Organization,55,62,5,4,2
ng-bootstrap/ng-bootstrap,ng-bootstrap,2015-09-14,https://github.com/ng-bootstrap/ng-bootstrap,167,1096,6046,966,True,True,True,True,5,3,Non-web libraries and frameworks,TypeScript,Organization,108,111,5,6,2
mozilla/shumway,mozilla,2011-12-18,https://github.com/mozilla/shumway,1490,8409,3488,348,False,True,True,True,12,7,Web libraries and frameworks,TypeScript,Organization,41,45,9,1,0
ReactiveX/RxJava,ReactiveX,2013-01-08,https://github.com/ReactiveX/RxJava,2545,4754,35558,6081,True,True,True,True,3,5,System software,Java,Organization,241,258,10,3,2
elastic/elasticsearch,elastic,2010-02-08,https://github.com/elastic/elasticsearch,11615,40343,34706,11316,True,False,False,True,11,8,Software tools,Java,Organization,1228,1228,130,6,2
square/retrofit,square,2010-09-06,https://github.com/square/retrofit,631,1609,29700,5589,False,True,True,True,6,8,Non-web libraries and frameworks,Java,Organization,149,150,12,1,2
iluwatar/java-design-patterns,iluwatar,2014-08-09,https://github.com/iluwatar/java-design-patterns,261,1861,39528,12372,True,True,True,True,6,4,Documentation,Java,User,165,186,3,10,2
square/okhttp,square,2012-07-23,https://github.com/square/okhttp,1556,3093,28916,6563,False,True,True,True,5,6,Web libraries and frameworks,Java,Organization,193,199,7,2,2
google/guava,google,2014-05-29,https://github.com/google/guava,50,2253,27110,6119,True,True,True,True,3,4,Non-web libraries and frameworks,Java,Organization,271,290,3,1,2
JakeWharton/butterknife,JakeWharton,2013-03-05,https://github.com/JakeWharton/butterknife,306,777,22143,4242,False,True,False,True,5,5,Non-web libraries and frameworks,Java,User,80,88,3,3,2
PhilJay/MPAndroidChart,PhilJay,2014-04-25,https://github.com/PhilJay/MPAndroidChart,183,1595,24222,6406,True,True,True,True,1,4,Non-web libraries and frameworks,Java,User,73,82,3,12,2
bumptech/glide,bumptech,2013-07-08,https://github.com/bumptech/glide,185,1840,23370,4432,True,True,True,True,2,5,Web libraries and frameworks,Java,Organization,129,131,1,4,2
JetBrains/kotlin,JetBrains,2012-02-13,https://github.com/JetBrains/kotlin,591,42105,24342,2716,False,False,False,False,11,6,System software,Java,Organization,312,331,38,6,2
square/leakcanary,square,2015-04-29,https://github.com/square/leakcanary,236,420,20696,3168,False,True,True,True,2,3,Software tools,Java,Organization,44,64,5,15,2
spring-projects/spring-framework,spring-projects,2010-12-08,https://github.com/spring-projects/spring-framework,252,13090,23769,14974,True,True,True,False,14,8,Web libraries and frameworks,Java,Organization,355,364,14,3,2
greenrobot/EventBus,greenrobot,2012-07-16,https://github.com/greenrobot/EventBus,25,384,19332,4087,True,True,True,True,2,6,Non-web libraries and frameworks,Java,User,26,27,1,90,2
nostra13/Android-Universal-Image-Loader,nostra13,2011-11-27,https://github.com/nostra13/Android-Universal-Image-Loader,49,884,16286,6303,False,True,True,True,1,7,Non-web libraries and frameworks,Java,User,39,41,1,6,0
spring-projects/spring-boot,spring-projects,2012-10-19,https://github.com/spring-projects/spring-boot,39,18625,29335,19894,False,False,True,True,13,6,Software tools,Java,Organization,572,572,6,2,2
airbnb/lottie-android,airbnb,2016-10-06,https://github.com/airbnb/lottie-android,217,445,22621,3473,False,True,False,True,4,2,Software tools,Java,Organization,45,62,3,1,2
zxing/zxing,zxing,2011-10-12,https://github.com/zxing/zxing,130,1485,20123,7630,False,True,True,True,3,7,Non-web libraries and frameworks,Java,Organization,107,135,1,1,2
google/iosched,google,2014-04-01,https://github.com/google/iosched,45,2182,17417,5573,True,True,False,True,4,4,Application software,Java,Organization,53,67,5,14,1
square/picasso,square,2013-05-14,https://github.com/square/picasso,429,780,16013,3831,True,True,False,True,4,5,Non-web libraries and frameworks,Java,Organization,89,114,5,7,2
ReactiveX/RxAndroid,ReactiveX,2014-08-19,https://github.com/ReactiveX/RxAndroid,150,254,16822,2661,True,True,True,True,2,4,Non-web libraries and frameworks,Java,Organization,37,68,4,3,2
facebook/fresco,facebook,2015-03-02,https://github.com/facebook/fresco,81,1488,14953,3554,True,True,True,True,8,3,Non-web libraries and frameworks,Java,Organization,188,219,8,5,2
Blankj/AndroidUtilCode,Blankj,2016-07-30,https://github.com/Blankj/AndroidUtilCode,29,632,20137,6434,False,True,False,True,2,2,Non-web libraries and frameworks,Java,User,13,25,1,0,2
libgdx/libgdx,libgdx,2012-08-10,https://github.com/libgdx/libgdx,1818,8102,14393,5667,False,True,True,True,22,6,Non-web libraries and frameworks,Java,Organization,514,579,14,9,2
chrisbanes/PhotoView,chrisbanes,2012-07-17,https://github.com/chrisbanes/PhotoView,47,338,13957,3364,False,True,False,True,1,6,Non-web libraries and frameworks,Java,User,39,41,3,15,2
netty/netty,netty,2010-11-09,https://github.com/netty/netty,499,6799,15799,6799,True,True,True,True,8,8,Software tools,Java,Organization,436,441,10,4,2
afollestad/material-dialogs,afollestad,2014-11-03,https://github.com/afollestad/material-dialogs,149,742,14289,2494,False,True,False,True,1,4,Web libraries and frameworks,Java,User,56,88,1,0,0
Netflix/Hystrix,Netflix,2012-11-19,https://github.com/Netflix/Hystrix,668,1690,15069,3025,True,True,True,True,4,6,Software tools,Java,Organization,131,142,8,3,2
alibaba/dubbo,alibaba,2012-06-19,https://github.com/alibaba/dubbo,420,788,21757,12473,True,True,True,True,5,6,Non-web libraries and frameworks,Java,Organization,153,160,15,19,1
jfeinstein10/SlidingMenu,jfeinstein10,2012-06-30,https://github.com/jfeinstein10/SlidingMenu,35,65,11075,5324,False,True,True,True,2,6,Non-web libraries and frameworks,Java,User,15,28,1,18,0
alibaba/fastjson,alibaba,2011-11-03,https://github.com/alibaba/fastjson,187,2504,14999,4364,False,True,True,True,3,7,Non-web libraries and frameworks,Java,Organization,105,106,2,10,2
tonsky/FiraCode,tonsky,2014-11-11,https://github.com/tonsky/FiraCode,61,221,27146,837,False,True,True,True,4,4,Software tools,Clojure,User,59,59,1,8,2
LightTable/LightTable,LightTable,2012-06-27,https://github.com/LightTable/LightTable,245,1244,10271,875,True,True,True,True,5,6,Software tools,Clojure,Organization,94,94,8,25,2
clojure/clojurescript,clojure,2011-07-20,https://github.com/clojure/clojurescript,3,4594,7818,665,False,True,True,False,7,7,Software tools,Clojure,Organization,182,206,2,4,2
omcljs/om,omcljs,2013-12-11,https://github.com/omcljs/om,142,1439,6545,367,False,True,True,False,4,5,Non-web libraries and frameworks,Clojure,Organization,20,20,1,10,2
technomancy/leiningen,technomancy,2009-11-01,https://github.com/technomancy/leiningen,642,4211,6077,1402,True,True,True,True,6,9,Software tools,Clojure,User,375,394,12,6,2
overtone/overtone,overtone,2010-08-23,https://github.com/overtone/overtone,126,2480,4440,390,False,True,True,True,1,8,Non-web libraries and frameworks,Clojure,Organization,66,71,6,37,2
frankiesardo/icepick,frankiesardo,2013-07-13,https://github.com/frankiesardo/icepick,20,151,3733,211,False,True,True,True,2,5,Non-web libraries and frameworks,Clojure,User,13,15,1,17,0
riemann/riemann,riemann,2012-02-08,https://github.com/riemann/riemann,482,1463,3645,484,True,True,False,True,5,6,Software tools,Clojure,Organization,140,147,3,9,2
weavejester/compojure,weavejester,2008-05-01,https://github.com/weavejester/compojure,24,750,3471,224,False,True,True,True,2,10,Web libraries and frameworks,Clojure,User,39,40,1,31,1
functional-koans/clojure-koans,functional-koans,2010-11-02,https://github.com/functional-koans/clojure-koans,47,196,2971,1700,False,True,True,False,4,8,Documentation,Clojure,Organization,53,62,2,6,1
swannodette/mori,swannodette,2012-05-11,https://github.com/swannodette/mori,64,223,2990,132,False,True,True,False,5,6,Web libraries and frameworks,Clojure,User,14,22,1,2,0
reagent-project/reagent,reagent-project,2013-12-18,https://github.com/reagent-project/reagent,73,871,3160,243,True,True,True,True,5,5,Web libraries and frameworks,Clojure,Organization,45,48,6,42,1
alda-lang/alda,alda-lang,2014-08-26,https://github.com/alda-lang/alda,76,704,3009,186,True,True,False,True,2,4,Software tools,Clojure,Organization,24,25,3,0,2
Day8/re-frame,Day8,2014-12-05,https://github.com/Day8/re-frame,213,1444,3399,422,True,True,True,True,5,4,Web libraries and frameworks,Clojure,Organization,117,122,6,6,2
tonsky/datascript,tonsky,2014-04-15,https://github.com/tonsky/datascript,41,310,3009,190,False,True,True,True,4,4,Software tools,Clojure,User,34,37,1,10,2
jepsen-io/jepsen,jepsen-io,2013-04-14,https://github.com/jepsen-io/jepsen,146,1375,3290,369,False,True,False,False,8,5,Web libraries and frameworks,Clojure,Organization,70,75,1,8,2
magomimmo/modern-cljs,magomimmo,2012-11-03,https://github.com/magomimmo/modern-cljs,271,1586,2713,304,False,True,False,False,2,6,Documentation,Clojure,User,77,90,5,2,0
ring-clojure/ring,ring-clojure,2012-04-29,https://github.com/ring-clojure/ring,106,528,2648,407,True,True,True,True,5,6,Web libraries and frameworks,Clojure,Organization,87,130,1,32,2
bhauman/lein-figwheel,bhauman,2014-04-18,https://github.com/bhauman/lein-figwheel,126,1696,2592,211,False,True,True,True,5,4,Software tools,Clojure,User,88,97,1,7,2
quil/quil,quil,2012-03-05,https://github.com/quil/quil,70,675,2174,141,False,True,True,True,4,6,Web libraries and frameworks,Clojure,Organization,31,46,3,3,1
incanter/incanter,incanter,2009-03-12,https://github.com/incanter/incanter,157,1360,2006,273,False,False,True,False,5,9,Software tools,Clojure,Organization,115,117,6,19,2
ztellman/aleph,ztellman,2010-07-07,https://github.com/ztellman/aleph,133,1172,2029,185,False,True,False,False,2,8,Non-web libraries and frameworks,Clojure,User,74,81,1,15,2
clojure-cookbook/clojure-cookbook,clojure-cookbook,2013-06-12,https://github.com/clojure-cookbook/clojure-cookbook,345,496,2021,371,True,True,False,False,4,5,Documentation,Clojure,Organization,47,119,5,6,1
Engelberg/instaparse,Engelberg,2013-02-03,https://github.com/Engelberg/instaparse,38,377,2000,117,False,True,True,True,1,5,Non-web libraries and frameworks,Clojure,User,24,27,2,52,2
pedestal/pedestal,pedestal,2013-03-04,https://github.com/pedestal/pedestal,213,940,1947,225,True,True,True,False,7,5,Non-web libraries and frameworks,Clojure,Organization,61,84,8,9,1
plumatic/schema,plumatic,2013-07-22,https://github.com/plumatic/schema,164,464,1880,224,True,True,True,True,2,5,Web libraries and frameworks,Clojure,Organization,57,71,6,1,1
weavejester/hiccup,weavejester,2009-11-02,https://github.com/weavejester/hiccup,27,202,1794,136,False,True,True,True,1,9,Web libraries and frameworks,Clojure,User,30,30,2,39,1
onyx-platform/onyx,onyx-platform,2013-12-02,https://github.com/onyx-platform/onyx,242,6375,1789,183,False,True,True,True,2,5,Non-web libraries and frameworks,Clojure,Organization,57,57,3,2,2
cognitect/transit-format,cognitect,2014-06-26,https://github.com/cognitect/transit-format,0,27,1578,33,False,True,True,False,2,4,Non-web libraries and frameworks,Clojure,Organization,4,10,0,0,0
nathanmarz/specter,nathanmarz,2015-02-26,https://github.com/nathanmarz/specter,23,703,1745,72,False,True,True,True,3,3,Non-web libraries and frameworks,Clojure,User,17,20,1,13,2
apache/spark,apache,2014-02-25,https://github.com/apache/spark,3,14933,18910,16387,True,True,False,True,20,4,Software tools,Scala,Organization,1552,1782,1,9,2
apache/incubator-predictionio,apache,2013-01-25,https://github.com/apache/incubator-predictionio,156,3982,11442,1826,True,True,False,True,6,5,System software,Scala,Organization,152,152,10,4,2
playframework/playframework,playframework,2011-09-07,https://github.com/playframework/playframework,4465,7930,10735,3575,True,True,False,True,7,7,Web libraries and frameworks,Scala,Organization,780,791,27,7,2
shadowsocks/shadowsocks-android,shadowsocks,2012-12-16,https://github.com/shadowsocks/shadowsocks-android,175,2367,17879,6622,True,True,True,True,11,6,Non-web libraries and frameworks,Scala,Organization,43,43,2,1,1
scala/scala,scala,2011-12-01,https://github.com/scala/scala,5427,14555,10716,2411,True,True,False,True,10,7,System software,Scala,Organization,464,529,26,10,2
akka/akka,akka,2009-02-16,https://github.com/akka/akka,6480,22382,9053,2805,True,True,False,True,6,9,System software,Scala,Organization,747,749,20,5,2
gitbucket/gitbucket,gitbucket,2013-04-10,https://github.com/gitbucket/gitbucket,634,3651,7341,1011,False,True,True,True,6,5,Application software,Scala,Organization,156,163,7,11,2
twitter/finagle,twitter,2010-10-19,https://github.com/twitter/finagle,32,5402,6690,1200,True,True,False,True,9,8,Software tools,Scala,Organization,399,400,2,8,2
lhartikk/ArnoldC,lhartikk,2013-10-09,https://github.com/lhartikk/ArnoldC,14,16,5410,278,False,True,True,True,1,5,System software,Scala,User,7,14,1,8,0
airbnb/aerosolve,airbnb,2015-05-12,https://github.com/airbnb/aerosolve,257,854,4431,557,False,True,False,True,4,3,Non-web libraries and frameworks,Scala,Organization,25,35,13,2,0
yahoo/kafka-manager,yahoo,2015-01-28,https://github.com/yahoo/kafka-manager,115,422,5978,1475,False,True,True,True,5,3,System software,Scala,Organization,49,63,1,15,2
mesos/chronos,mesos,2013-02-13,https://github.com/mesos/chronos,344,918,4040,535,False,True,False,True,6,5,Application software,Scala,Organization,121,137,21,8,1
twitter/snowflake,twitter,2010-06-01,https://github.com/twitter/snowflake,0,129,4585,786,False,True,False,False,0,8,System software,Scala,Organization,15,21,0,0,0
snowplow/snowplow,snowplow,2012-03-01,https://github.com/snowplow/snowplow,113,5403,4333,903,True,True,True,True,12,6,Web libraries and frameworks,Scala,Organization,75,76,7,32,2
mesosphere/marathon,mesosphere,2013-06-25,https://github.com/mesosphere/marathon,2861,6220,3733,842,False,True,False,True,10,5,Software tools,Scala,Organization,307,319,41,4,2
rtyley/bfg-repo-cleaner,rtyley,2012-12-21,https://github.com/rtyley/bfg-repo-cleaner,22,278,4412,222,True,True,True,True,2,6,Software tools,Scala,User,7,7,1,22,2
ornicar/lila,ornicar,2012-02-21,https://github.com/ornicar/lila,1134,28267,4378,698,True,True,True,True,11,6,Application software,Scala,User,119,121,6,1,2
fpinscala/fpinscala,fpinscala,2012-02-23,https://github.com/fpinscala/fpinscala,71,317,3965,2193,False,True,True,True,3,6,Documentation,Scala,Organization,56,56,2,17,0
scalaz/scalaz,scalaz,2010-01-16,https://github.com/scalaz/scalaz,1212,5225,3879,644,True,True,True,True,4,8,Non-web libraries and frameworks,Scala,Organization,220,226,30,11,2
sbt/sbt,sbt,2009-08-17,https://github.com/sbt/sbt,1280,6088,3656,684,True,True,True,True,5,9,Software tools,Scala,Organization,234,235,10,4,1
gatling/gatling,gatling,2011-05-31,https://github.com/gatling/gatling,489,7092,3819,809,True,True,False,True,8,7,Non-web libraries and frameworks,Scala,Organization,152,154,6,0,2
twitter-archive/flockdb,twitter-archive,2010-04-12,https://github.com/twitter-archive/flockdb,26,535,3158,256,False,True,False,True,4,8,System software,Scala,Organization,21,24,8,7,0
scala-js/scala-js,scala-js,2013-02-18,https://github.com/scala-js/scala-js,1584,4563,3471,294,True,True,True,True,4,5,Software tools,Scala,Organization,66,70,3,2,2
scala-native/scala-native,scala-native,2014-11-27,https://github.com/scala-native/scala-native,598,1131,3387,226,False,True,False,True,10,4,System software,Scala,Organization,86,86,2,8,2
twitter/diffy,twitter,2015-08-12,https://github.com/twitter/diffy,18,37,3202,294,False,True,False,True,8,3,Web libraries and frameworks,Scala,Organization,6,15,2,31,1
twitter/scalding,twitter,2012-01-10,https://github.com/twitter/scalding,1084,3814,3048,649,True,True,True,True,5,6,Non-web libraries and frameworks,Scala,Organization,181,193,29,4,2
twitter-archive/kestrel,twitter-archive,2008-04-21,https://github.com/twitter-archive/kestrel,26,1072,2794,308,False,True,True,True,4,10,Software tools,Scala,Organization,43,43,3,25,0
linkerd/linkerd,linkerd,2016-01-13,https://github.com/linkerd/linkerd,1040,752,4701,455,True,True,True,True,6,2,Software tools,Scala,Organization,81,89,13,3,2
spray/spray,spray,2011-03-25,https://github.com/spray/spray,336,2284,2567,592,True,True,True,True,5,7,Web libraries and frameworks,Scala,Organization,88,90,3,13,0
scalatra/scalatra,scalatra,2009-05-31,https://github.com/scalatra/scalatra,405,3101,2320,326,True,True,False,True,3,9,Web libraries and frameworks,Scala,Organization,124,124,7,4,2
vinta/awesome-python,vinta,2014-06-27,https://github.com/vinta/awesome-python,413,639,39990,10331,True,True,False,True,2,4,Documentation,Python,User,182,332,1,11,2
jakubroztocil/httpie,jakubroztocil,2012-02-25,https://github.com/jakubroztocil/httpie,96,717,37541,2489,False,False,False,True,4,6,Application software,Python,User,66,84,1,21,2
nvbn/thefuck,nvbn,2015-04-08,https://github.com/nvbn/thefuck,346,695,37533,1826,True,True,True,True,2,3,Software tools,Python,User,63,129,3,3,2
pallets/flask,pallets,2010-04-06,https://github.com/pallets/flask,833,2881,39062,11203,False,False,False,True,4,8,Web libraries and frameworks,Python,Organization,547,567,13,20,2
rg3/youtube-dl,rg3,2010-10-31,https://github.com/rg3/youtube-dl,1262,16141,39990,7250,True,True,False,True,4,8,Application software,Python,User,737,751,6,10,2
django/django,django,2012-04-28,https://github.com/django/django,3922,12897,36690,15460,False,False,False,True,7,6,Web libraries and frameworks,Python,Organization,1780,1875,39,10,2
requests/requests,requests,2011-02-13,https://github.com/requests/requests,1250,5093,34852,6318,True,True,True,True,3,7,Web libraries and frameworks,Python,Organization,588,600,4,6,2
josephmisiti/awesome-machine-learning,josephmisiti,2014-07-15,https://github.com/josephmisiti/awesome-machine-learning,461,824,35547,7955,False,True,True,True,1,4,Documentation,Python,User,295,364,1,2,2
ansible/ansible,ansible,2012-03-06,https://github.com/ansible/ansible,18747,37705,32829,12584,False,False,False,True,13,6,Software tools,Python,Organization,4433,4481,62,14,2
scrapy/scrapy,scrapy,2010-02-22,https://github.com/scrapy/scrapy,1124,4605,29357,6994,True,False,True,True,4,8,Non-web libraries and frameworks,Python,Organization,348,366,11,18,2
minimaxir/big-list-of-naughty-strings,minimaxir,2015-08-08,https://github.com/minimaxir/big-list-of-naughty-strings,70,56,24207,984,False,True,True,True,3,3,Documentation,Python,User,22,63,1,11,2
scikit-learn/scikit-learn,scikit-learn,2010-08-17,https://github.com/scikit-learn/scikit-learn,3993,20426,30780,14755,True,False,True,True,7,8,Non-web libraries and frameworks,Python,Organization,1372,1392,35,18,2
tensorflow/models,tensorflow,2016-02-05,https://github.com/tensorflow/models,1233,2734,39990,23659,True,True,True,True,9,2,Non-web libraries and frameworks,Python,Organization,455,495,70,6,2
shadowsocks/shadowsocks,shadowsocks,2012-04-20,https://github.com/shadowsocks/shadowsocks,69,1,26837,10915,False,True,True,False,2,6,Software tools,Python,Organization,1,1,3,20,0
certbot/certbot,certbot,2014-11-12,https://github.com/certbot/certbot,2183,6742,23323,2240,True,False,False,True,9,4,Non-web libraries and frameworks,Python,Organization,352,382,16,7,2
fchollet/keras,fchollet,2015-03-28,https://github.com/fchollet/keras,2049,3829,33975,12359,True,True,True,True,3,3,Non-web libraries and frameworks,Python,User,732,789,5,3,2
donnemartin/system-design-primer,donnemartin,2017-02-26,https://github.com/donnemartin/system-design-primer,112,65,39990,6379,True,True,True,True,1,1,Web libraries and frameworks,Python,User,35,58,1,7,1
XX-net/XX-Net,XX-net,2015-01-15,https://github.com/XX-net/XX-Net,341,1570,24871,6957,False,True,True,False,8,3,Non-web libraries and frameworks,Python,Organization,84,90,7,2,2
apache/incubator-superset,apache,2015-07-21,https://github.com/apache/incubator-superset,2507,2959,20871,3638,True,True,False,True,8,3,Application software,Python,Organization,290,298,16,4,2
isocpp/CppCoreGuidelines,isocpp,2015-08-19,https://github.com/isocpp/CppCoreGuidelines,500,897,19878,2473,True,True,True,True,3,3,Documentation,Python,Organization,140,245,8,7,2
Valloric/YouCompleteMe,Valloric,2012-04-16,https://github.com/Valloric/YouCompleteMe,516,2210,17434,1919,True,True,True,True,4,6,Software tools,Python,User,145,146,6,5,2
soimort/you-get,soimort,2012-08-20,https://github.com/soimort/you-get,437,1879,20430,4079,True,True,True,True,3,6,Application software,Python,User,164,164,4,8,2
tornadoweb/tornado,tornadoweb,2009-09-09,https://github.com/tornadoweb/tornado,644,3809,16555,4465,False,False,True,True,5,9,Non-web libraries and frameworks,Python,Organization,363,376,4,16,2
reddit/reddit,reddit,2008-06-18,https://github.com/reddit/reddit,18,7773,14671,2644,False,True,True,True,11,10,Application software,Python,Organization,223,227,7,23,0
getsentry/sentry,getsentry,2010-08-30,https://github.com/getsentry/sentry,5992,22025,18244,2056,False,False,False,True,8,8,Software tools,Python,Organization,397,424,42,4,2
songrotek/Deep-Learning-Papers-Reading-Roadmap,songrotek,2016-10-14,https://github.com/songrotek/Deep-Learning-Papers-Reading-Roadmap,22,11,19497,3970,False,True,True,False,1,2,Documentation,Python,User,6,24,1,9,2
python/cpython,python,2017-02-10,https://github.com/python/cpython,7584,2665,20052,6893,False,False,False,True,17,1,System software,Python,Organization,434,734,62,7,2
faif/python-patterns,faif,2012-06-06,https://github.com/faif/python-patterns,164,514,17345,3813,False,True,True,False,2,6,Documentation,Python,User,98,99,1,3,2
ipython/ipython,ipython,2010-05-10,https://github.com/ipython/ipython,4600,20211,13038,3551,True,False,True,True,4,8,Non-web libraries and frameworks,Python,Organization,652,694,20,6,2
drduh/macOS-Security-and-Privacy-Guide,drduh,2015-08-31,https://github.com/drduh/macOS-Security-and-Privacy-Guide,101,319,13858,881,False,True,False,True,1,3,Documentation,Python,User,54,73,1,2,2
freeCodeCamp/freeCodeCamp,freeCodeCamp,2014-12-24,https://github.com/freeCodeCamp/freeCodeCamp,3555,7927,39990,14440,True,True,False,True,3,4,System software,JavaScript,Organization,870,966,37,3,2
twbs/bootstrap,twbs,2011-07-29,https://github.com/twbs/bootstrap,4356,16483,39990,60467,False,True,False,True,6,7,Web libraries and frameworks,JavaScript,Organization,1118,1189,15,9,2
facebook/react,facebook,2013-05-24,https://github.com/facebook/react,5067,9176,39990,19730,True,True,True,True,10,5,Web libraries and frameworks,JavaScript,Organization,1345,1377,46,6,2
d3/d3,d3,2010-09-27,https://github.com/d3/d3,431,3873,39990,19605,False,True,True,True,1,8,Web libraries and frameworks,JavaScript,Organization,133,133,4,7,2
vuejs/vue,vuejs,2013-07-29,https://github.com/vuejs/vue,707,2617,39990,16104,False,True,False,True,6,5,Web libraries and frameworks,JavaScript,Organization,208,208,7,4,2
airbnb/javascript,airbnb,2012-11-01,https://github.com/airbnb/javascript,662,1550,39990,13167,False,True,True,True,1,6,Documentation,JavaScript,Organization,435,454,15,7,2
angular/angular.js,angular,2010-01-06,https://github.com/angular/angular.js,747,8637,39990,28673,True,True,True,True,5,8,Web libraries and frameworks,JavaScript,Organization,1805,1808,26,15,2
facebook/react-native,facebook,2015-01-09,https://github.com/facebook/react-native,594,12693,39990,15180,True,True,True,True,17,3,Web libraries and frameworks,JavaScript,Organization,2003,2148,34,2,2
jquery/jquery,jquery,2009-04-03,https://github.com/jquery/jquery,325,4497,39990,16711,True,True,True,True,4,9,Web libraries and frameworks,JavaScript,Organization,336,349,14,14,2
nodejs/node,nodejs,2014-11-26,https://github.com/nodejs/node,1544,12169,39990,11284,True,True,False,True,13,4,System software,JavaScript,Organization,1774,2473,56,9,2
h5bp/html5-boilerplate,h5bp,2010-01-24,https://github.com/h5bp/html5-boilerplate,263,1547,39990,9604,False,True,True,True,3,8,Web libraries and frameworks,JavaScript,Organization,275,279,13,9,2
meteor/meteor,meteor,2012-01-19,https://github.com/meteor/meteor,998,20279,39990,4895,True,True,True,True,9,6,Web libraries and frameworks,JavaScript,Organization,447,468,23,10,2
Semantic-Org/Semantic-UI,Semantic-Org,2013-04-08,https://github.com/Semantic-Org/Semantic-UI,346,5796,39990,4511,True,True,True,True,3,5,Web libraries and frameworks,JavaScript,Organization,221,232,1,28,2
hakimel/reveal.js,hakimel,2011-06-07,https://github.com/hakimel/reveal.js,276,2180,39990,11777,True,True,True,True,3,7,Web libraries and frameworks,JavaScript,User,262,263,2,25,2
socketio/socket.io,socketio,2010-03-11,https://github.com/socketio/socket.io,369,1707,39990,7964,False,False,False,True,1,8,Non-web libraries and frameworks,JavaScript,Organization,171,171,7,23,2
mrdoob/three.js,mrdoob,2010-03-23,https://github.com/mrdoob/three.js,4684,25088,39990,16713,False,True,True,True,5,8,Web libraries and frameworks,JavaScript,User,1231,1235,4,4,2
facebookincubator/create-react-app,facebookincubator,2016-07-17,https://github.com/facebookincubator/create-react-app,1144,1061,39990,11523,True,True,False,True,5,2,Non-web libraries and frameworks,JavaScript,Organization,370,532,14,11,2
reactjs/redux,reactjs,2015-05-29,https://github.com/reactjs/redux,1033,1226,39990,10830,True,True,False,True,3,3,Web libraries and frameworks,JavaScript,Organization,479,663,11,3,2
expressjs/express,expressjs,2009-06-26,https://github.com/expressjs/express,175,4866,39990,6938,False,False,True,True,3,9,Web libraries and frameworks,JavaScript,Organization,255,257,9,7,2
moment/moment,moment,2011-03-01,https://github.com/moment/moment,553,3607,38757,5723,True,True,False,True,3,7,Non-web libraries and frameworks,JavaScript,Organization,548,549,9,15,2
impress/impress.js,impress,2011-12-28,https://github.com/impress/impress.js,75,167,34001,6616,False,True,True,True,3,7,Web libraries and frameworks,JavaScript,Organization,45,62,6,21,2
chartjs/Chart.js,chartjs,2013-03-17,https://github.com/chartjs/Chart.js,965,2531,39607,8726,False,True,False,True,2,5,Web libraries and frameworks,JavaScript,Organization,300,307,8,10,2
resume/resume.github.com,resume,2011-02-06,https://github.com/resume/resume.github.com,84,183,37984,975,False,True,True,False,4,7,Application software,JavaScript,Organization,46,54,3,59,0
webpack/webpack,webpack,2012-03-10,https://github.com/webpack/webpack,1800,7058,39990,5511,True,True,True,True,5,6,Web libraries and frameworks,JavaScript,Organization,548,549,5,6,2
NARKOZ/hacker-scripts,NARKOZ,2015-11-21,https://github.com/NARKOZ/hacker-scripts,53,4,32008,5515,False,True,False,False,14,3,Application software,JavaScript,User,2,47,1,21,0
Dogfalo/materialize,Dogfalo,2014-09-12,https://github.com/Dogfalo/materialize,438,2187,34048,4581,True,True,True,True,3,4,Web libraries and frameworks,JavaScript,User,240,299,3,17,2
callemall/material-ui,callemall,2014-08-18,https://github.com/callemall/material-ui,4591,7299,39990,7632,True,True,False,True,4,4,Web libraries and frameworks,JavaScript,Organization,1001,1051,19,1,2
adobe/brackets,adobe,2011-12-07,https://github.com/adobe/brackets,4263,14988,29186,5928,True,True,True,True,10,7,Application software,JavaScript,Organization,461,474,48,10,2
blueimp/jQuery-File-Upload,blueimp,2010-12-01,https://github.com/blueimp/jQuery-File-Upload,104,923,29222,7654,True,True,True,True,6,8,Web libraries and frameworks,JavaScript,User,95,97,1,7,2
gulpjs/gulp,gulpjs,2013-07-04,https://github.com/gulpjs/gulp,355,903,30377,4362,True,True,False,True,1,5,Software tools,JavaScript,Organization,224,232,7,6,2
so-fancy/diff-so-fancy,so-fancy,2016-02-04,https://github.com/so-fancy/diff-so-fancy,110,157,10893,222,False,True,True,True,2,2,Software tools,Perl,Organization,23,54,5,3,2
sitaramc/gitolite,sitaramc,2009-08-24,https://github.com/sitaramc/gitolite,8,606,7209,882,True,True,True,True,4,9,Software tools,Perl,User,47,47,2,3,2
brendangregg/FlameGraph,brendangregg,2011-12-16,https://github.com/brendangregg/FlameGraph,74,263,6599,745,False,True,True,False,5,7,Web libraries and frameworks,Perl,User,47,49,1,23,2
Jack000/Expose,Jack000,2015-08-28,https://github.com/Jack000/Expose,10,6,3981,222,False,False,True,True,5,3,Documentation,Perl,User,3,12,1,50,0
major/MySQLTuner-perl,major,2009-05-29,https://github.com/major/MySQLTuner-perl,142,856,4607,770,True,True,True,True,4,9,Software tools,Perl,User,106,108,2,17,2
AlDanial/cloc,AlDanial,2015-09-07,https://github.com/AlDanial/cloc,71,404,5618,381,False,True,True,True,79,3,Non-web libraries and frameworks,Perl,User,51,60,1,1,2
x0rz/EQGRP,x0rz,2017-04-08,https://github.com/x0rz/EQGRP,12,0,3465,2053,False,True,True,False,11,1,Documentation,Perl,User,0,5,1,0,0
sarabander/sicp-pdf,sarabander,2011-06-21,https://github.com/sarabander/sicp-pdf,9,88,3118,332,False,True,True,False,4,7,Documentation,Perl,User,7,9,1,8,2
tobie/ua-parser,tobie,2010-09-15,https://github.com/tobie/ua-parser,214,940,1944,509,True,True,False,True,15,8,Non-web libraries and frameworks,Perl,User,88,88,9,11,0
kraih/mojo,kraih,2008-10-21,https://github.com/kraih/mojo,171,11238,2026,468,False,True,True,True,4,10,Web libraries and frameworks,Perl,User,128,132,3,0,2
openresty/nginx-tutorials,openresty,2011-12-01,https://github.com/openresty/nginx-tutorials,7,56,2087,365,False,True,True,False,3,7,Documentation,Perl,Organization,13,14,1,0,2
sullo/nikto,sullo,2012-11-24,https://github.com/sullo/nikto,266,979,2510,419,False,True,True,False,4,6,Web libraries and frameworks,Perl,User,41,44,2,4,2
thoughtbot/rcm,thoughtbot,2013-06-07,https://github.com/thoughtbot/rcm,40,160,1916,93,True,True,True,True,6,5,Non-web libraries and frameworks,Perl,Organization,48,50,6,16,2
duckduckgo/duckduckgo,duckduckgo,2011-01-18,https://github.com/duckduckgo/duckduckgo,89,721,1393,206,True,True,True,True,2,7,System software,Perl,Organization,45,45,16,13,2
beyondgrep/ack2,beyondgrep,2011-01-29,https://github.com/beyondgrep/ack2,77,1859,1381,141,True,True,True,True,17,7,System software,Perl,Organization,53,53,3,88,1
theory/sqitch,theory,2012-01-27,https://github.com/theory/sqitch,48,1923,1524,131,False,True,True,False,4,6,System software,Perl,User,39,42,1,3,2
dalibo/pgbadger,dalibo,2012-04-11,https://github.com/dalibo/pgbadger,2,0,6,1,False,True,False,False,1,6,Software tools,Perl,Organization,0,3,2,0,1
CNSRE/ABTestingGateway,CNSRE,2015-07-19,https://github.com/CNSRE/ABTestingGateway,9,30,1575,523,False,True,True,True,6,3,System software,Perl,Organization,4,10,1,7,1
jessfraz/dotfiles,jessfraz,2015-06-06,https://github.com/jessfraz/dotfiles,20,457,1880,268,False,True,False,True,4,3,System software,Perl,User,20,21,1,38,2
munin-monitoring/munin,munin-monitoring,2012-05-31,https://github.com/munin-monitoring/munin,543,3439,1220,352,True,False,True,True,12,6,Application software,Perl,Organization,193,237,7,32,2
SpiderLabs/owasp-modsecurity-crs,SpiderLabs,2012-08-02,https://github.com/SpiderLabs/owasp-modsecurity-crs,362,1291,1386,445,True,True,True,True,8,6,Application software,Perl,Organization,45,51,7,9,2
GUI/lua-resty-auto-ssl,GUI,2016-01-25,https://github.com/GUI/lua-resty-auto-ssl,27,149,1272,87,False,True,True,True,4,2,Web libraries and frameworks,Perl,User,14,16,2,14,2
rsnapshot/rsnapshot,rsnapshot,2012-04-24,https://github.com/rsnapshot/rsnapshot,46,175,1290,153,True,True,True,True,4,6,Software tools,Perl,Organization,20,27,4,79,0
k4rthik/git-cal,k4rthik,2013-09-22,https://github.com/k4rthik/git-cal,29,16,1024,58,False,True,True,True,1,5,Software tools,Perl,User,8,24,2,1,0
munin-monitoring/contrib,munin-monitoring,2011-07-12,https://github.com/munin-monitoring/contrib,677,2997,991,603,False,True,False,False,11,7,Web libraries and frameworks,Perl,Organization,407,837,7,38,2
PenturaLabs/Linux_Exploit_Suggester,PenturaLabs,2013-08-26,https://github.com/PenturaLabs/Linux_Exploit_Suggester,1,1,1144,316,False,True,True,True,1,5,Application software,Perl,User,1,3,1,1,0
fletcher/MultiMarkdown,fletcher,2009-06-20,https://github.com/fletcher/MultiMarkdown,0,26,995,509,False,False,True,False,2,9,Application software,Perl,User,3,3,0,0,0
creaktive/rainbarf,creaktive,2013-01-30,https://github.com/creaktive/rainbarf,10,73,946,65,False,True,True,True,1,5,Application software,Perl,User,7,11,1,4,0
lulzlabs/AirChat,lulzlabs,2014-04-23,https://github.com/lulzlabs/AirChat,4,0,945,139,False,True,True,False,1,4,Application software,Perl,User,0,6,1,3,0
prey/prey-bash-client,prey,2009-02-18,https://github.com/prey/prey-bash-client,10,960,892,142,False,True,True,True,4,9,Application software,Perl,Organization,18,22,2,37,2
atom/atom,atom,2012-01-20,https://github.com/atom/atom,3148,32805,39990,9884,True,True,False,True,7,6,Application software,CoffeeScript,Organization,512,514,48,6,2
jashkenas/coffeescript,jashkenas,2009-12-18,https://github.com/jashkenas/coffeescript,739,3516,14893,1697,True,True,True,True,2,9,System software,CoffeeScript,User,234,251,10,11,2
basecamp/trix,basecamp,2013-08-01,https://github.com/basecamp/trix,92,2457,11030,506,False,True,True,True,5,5,Web libraries and frameworks,CoffeeScript,Organization,23,23,4,7,1
dropbox/zxcvbn,dropbox,2012-02-28,https://github.com/dropbox/zxcvbn,41,280,9273,555,False,True,False,True,2,6,Web libraries and frameworks,CoffeeScript,Organization,34,37,1,34,2
philc/vimium,philc,2009-09-20,https://github.com/philc/vimium,534,3903,9666,1158,True,True,True,True,5,9,Application software,CoffeeScript,User,130,135,6,19,2
FelisCatus/SwitchyOmega,FelisCatus,2012-06-08,https://github.com/FelisCatus/SwitchyOmega,7,543,10452,1753,False,True,True,True,4,6,Software tools,CoffeeScript,User,49,49,1,24,1
morrisjs/morris.js,morrisjs,2012-02-21,https://github.com/morrisjs/morris.js,92,312,6845,1190,False,True,True,False,5,6,Web libraries and frameworks,CoffeeScript,Organization,35,47,5,35,0
michaelvillar/dynamics.js,michaelvillar,2014-02-03,https://github.com/michaelvillar/dynamics.js,7,85,6977,392,False,True,False,False,1,4,Web libraries and frameworks,CoffeeScript,User,4,4,1,3,0
yhatt/marp,yhatt,2016-05-29,https://github.com/yhatt/marp,30,39,7111,397,False,True,True,True,4,2,Software tools,CoffeeScript,User,6,14,1,22,0
baconjs/bacon.js,baconjs,2012-03-02,https://github.com/baconjs/bacon.js,220,2345,5979,334,True,True,True,True,4,6,Non-web libraries and frameworks,CoffeeScript,Organization,105,106,6,7,2
codecombat/codecombat,codecombat,2013-12-14,https://github.com/codecombat/codecombat,2518,11547,6443,3238,True,True,True,True,5,5,Application software,CoffeeScript,Organization,556,719,15,1,2
ichord/At.js,ichord,2012-01-18,https://github.com/ichord/At.js,72,468,5049,647,True,True,True,True,4,6,Web libraries and frameworks,CoffeeScript,User,59,64,1,11,2
gka/chroma.js,gka,2011-12-12,https://github.com/gka/chroma.js,32,324,5605,377,False,False,False,True,3,7,Web libraries and frameworks,CoffeeScript,User,23,24,1,40,2
sharelatex/sharelatex,sharelatex,2014-02-08,https://github.com/sharelatex/sharelatex,27,170,5098,622,True,True,True,True,2,4,Application software,CoffeeScript,Organization,12,20,3,17,2
riccardoscalco/textures,riccardoscalco,2015-01-28,https://github.com/riccardoscalco/textures,8,42,4386,194,False,True,True,True,1,3,Web libraries and frameworks,CoffeeScript,User,3,7,1,0,2
turbolinks/turbolinks,turbolinks,2016-02-01,https://github.com/turbolinks/turbolinks,46,103,7087,405,False,True,True,True,6,2,Web libraries and frameworks,CoffeeScript,Organization,12,22,4,11,1
jariz/vibrant.js,jariz,2015-05-24,https://github.com/jariz/vibrant.js,6,6,4317,184,False,True,True,True,3,3,Web libraries and frameworks,CoffeeScript,User,4,7,1,2,2
sorich87/bootstrap-tour,sorich87,2012-07-03,https://github.com/sorich87/bootstrap-tour,89,588,4124,844,False,True,False,True,4,6,Documentation,CoffeeScript,User,60,71,4,27,2
stripe/jquery.payment,stripe,2012-12-23,https://github.com/stripe/jquery.payment,69,190,3679,579,False,True,False,True,2,6,Web libraries and frameworks,CoffeeScript,Organization,36,48,8,18,0
turbolinks/turbolinks-classic,turbolinks,2012-09-26,https://github.com/turbolinks/turbolinks-classic,170,427,3612,438,False,True,True,True,5,6,Web libraries and frameworks,CoffeeScript,Organization,71,98,9,5,0
github/hubot-scripts,github,2011-09-08,https://github.com/github/hubot-scripts,1213,2454,3508,1934,True,True,True,True,2,7,Software tools,CoffeeScript,Organization,621,774,17,13,0
basecamp/pow,basecamp,2011-03-09,https://github.com/basecamp/pow,23,140,3468,257,False,True,True,True,3,7,Software tools,CoffeeScript,Organization,18,25,4,22,2
NarrativeScience/Log.io,NarrativeScience,2011-05-20,https://github.com/NarrativeScience/Log.io,4,84,3783,576,False,True,True,False,3,7,Web libraries and frameworks,CoffeeScript,Organization,4,4,1,12,0
JoelBesada/activate-power-mode,JoelBesada,2015-11-28,https://github.com/JoelBesada/activate-power-mode,61,191,3525,447,False,True,True,True,2,3,Software tools,CoffeeScript,User,10,17,2,20,2
devongovett/pdfkit,devongovett,2011-07-11,https://github.com/devongovett/pdfkit,84,397,4247,561,False,True,True,True,4,7,Non-web libraries and frameworks,CoffeeScript,User,52,52,2,52,2
danielgtaylor/aglio,danielgtaylor,2013-11-15,https://github.com/danielgtaylor/aglio,42,199,3968,410,False,True,True,False,4,5,Web libraries and frameworks,CoffeeScript,User,30,38,3,8,0
jnordberg/wintersmith,jnordberg,2012-02-02,https://github.com/jnordberg/wintersmith,58,363,3375,336,False,True,True,True,2,6,Application software,CoffeeScript,User,43,47,1,34,2
dmauro/Keypress,dmauro,2012-08-05,https://github.com/dmauro/Keypress,39,149,3165,314,False,True,True,True,4,6,Web libraries and frameworks,CoffeeScript,User,22,24,1,31,2
sparanoid/chinese-copywriting-guidelines,sparanoid,2014-03-17,https://github.com/sparanoid/chinese-copywriting-guidelines,25,85,4446,429,False,True,False,True,1,4,Documentation,CoffeeScript,User,12,16,1,21,1
chaplinjs/chaplin,chaplinjs,2012-02-11,https://github.com/chaplinjs/chaplin,332,1201,2944,246,True,True,True,True,2,6,Web libraries and frameworks,CoffeeScript,Organization,80,92,5,7,0
AFNetworking/AFNetworking,AFNetworking,2011-05-31,https://github.com/AFNetworking/AFNetworking,651,2529,31583,9387,True,True,True,True,4,7,Software tools,Objective-C,Organization,348,361,7,11,2
rs/SDWebImage,rs,2009-09-21,https://github.com/rs/SDWebImage,517,1605,20534,5118,False,True,True,True,2,9,Web libraries and frameworks,Objective-C,User,269,270,5,17,2
BradLarson/GPUImage,BradLarson,2012-02-13,https://github.com/BradLarson/GPUImage,241,723,17987,4176,False,True,True,True,4,6,Non-web libraries and frameworks,Objective-C,User,142,163,2,17,0
SnapKit/Masonry,SnapKit,2013-07-22,https://github.com/SnapKit/Masonry,75,236,16810,3045,False,True,False,True,3,5,Non-web libraries and frameworks,Objective-C,Organization,51,62,3,21,0
jdg/MBProgressHUD,jdg,2009-05-31,https://github.com/jdg/MBProgressHUD,82,601,14813,3012,True,False,True,True,2,9,Non-web libraries and frameworks,Objective-C,User,95,95,2,45,2
ccgus/fmdb,ccgus,2010-07-06,https://github.com/ccgus/fmdb,130,551,12705,2693,False,True,True,True,4,8,System software,Objective-C,User,82,84,2,9,2
realm/realm-cocoa,realm,2012-04-16,https://github.com/realm/realm-cocoa,1986,10639,12555,1602,True,True,True,True,8,6,System software,Objective-C,Organization,121,122,29,4,2
CoderMJLee/MJRefresh,CoderMJLee,2014-05-23,https://github.com/CoderMJLee/MJRefresh,48,230,12240,3387,False,True,True,True,2,4,Non-web libraries and frameworks,Objective-C,User,41,43,1,20,2
jessesquires/JSQMessagesViewController,jessesquires,2013-02-17,https://github.com/jessesquires/JSQMessagesViewController,201,1551,11164,2685,False,True,False,True,3,5,Non-web libraries and frameworks,Objective-C,User,117,123,4,15,2
Mantle/Mantle,Mantle,2012-09-05,https://github.com/Mantle/Mantle,194,862,11106,1410,True,True,False,True,3,6,Non-web libraries and frameworks,Objective-C,Organization,72,78,10,10,2
ibireme/YYKit,ibireme,2013-04-10,https://github.com/ibireme/YYKit,32,300,12492,3272,False,True,False,True,2,5,Non-web libraries and frameworks,Objective-C,User,27,27,1,18,0
magicalpanda/MagicalRecord,magicalpanda,2010-07-27,https://github.com/magicalpanda/MagicalRecord,145,987,10748,1816,True,True,True,True,4,8,Software tools,Objective-C,Organization,99,100,4,29,0
airbnb/lottie-ios,airbnb,2016-10-06,https://github.com/airbnb/lottie-ios,162,265,15003,1996,False,True,False,True,4,2,Non-web libraries and frameworks,Objective-C,Organization,52,90,2,7,2
RestKit/RestKit,RestKit,2010-02-09,https://github.com/RestKit/RestKit,311,3330,10302,2152,True,True,True,True,5,8,Web libraries and frameworks,Objective-C,Organization,218,220,9,16,2
SVProgressHUD/SVProgressHUD,SVProgressHUD,2011-03-28,https://github.com/SVProgressHUD/SVProgressHUD,120,685,11252,2207,False,True,False,True,2,7,Non-web libraries and frameworks,Objective-C,Organization,111,113,4,32,2
alcatraz/Alcatraz,alcatraz,2013-04-22,https://github.com/alcatraz/Alcatraz,119,463,10150,1232,True,True,False,True,4,5,Software tools,Objective-C,Organization,49,56,4,10,0
ViccAlexander/Chameleon,ViccAlexander,2014-07-26,https://github.com/ViccAlexander/Chameleon,57,238,11517,1098,False,True,True,True,3,4,Non-web libraries and frameworks,Objective-C,User,24,28,2,28,0
hackiftekhar/IQKeyboardManager,hackiftekhar,2013-08-25,https://github.com/hackiftekhar/IQKeyboardManager,85,978,12154,1947,True,True,True,True,3,5,Non-web libraries and frameworks,Objective-C,User,70,80,1,1,2
nicklockwood/iCarousel,nicklockwood,2011-04-06,https://github.com/nicklockwood/iCarousel,19,135,10837,2407,False,True,True,True,1,7,Non-web libraries and frameworks,Objective-C,User,18,20,2,38,0
CocoaLumberjack/CocoaLumberjack,CocoaLumberjack,2011-03-31,https://github.com/CocoaLumberjack/CocoaLumberjack,370,1389,10625,1834,False,True,True,True,5,7,Non-web libraries and frameworks,Objective-C,Organization,177,180,5,8,2
marcuswestin/WebViewJavascriptBridge,marcuswestin,2011-08-28,https://github.com/marcuswestin/WebViewJavascriptBridge,77,423,11441,2365,False,True,True,True,7,7,Non-web libraries and frameworks,Objective-C,User,62,65,3,43,2
dzenbot/DZNEmptyDataSet,dzenbot,2014-06-03,https://github.com/dzenbot/DZNEmptyDataSet,74,196,10750,1534,False,True,True,True,4,4,Non-web libraries and frameworks,Objective-C,User,43,51,1,9,2
robbiehanson/CocoaAsyncSocket,robbiehanson,2011-11-22,https://github.com/robbiehanson/CocoaAsyncSocket,57,255,10469,2571,False,True,True,True,5,7,Non-web libraries and frameworks,Objective-C,User,47,55,3,107,2
kevinzhow/PNChart,kevinzhow,2013-11-06,https://github.com/kevinzhow/PNChart,120,400,9437,1794,False,True,True,True,2,5,Non-web libraries and frameworks,Objective-C,User,71,90,2,16,2
onevcat/VVDocumenter-Xcode,onevcat,2013-07-16,https://github.com/onevcat/VVDocumenter-Xcode,68,228,8500,1632,False,True,True,True,1,5,Software tools,Objective-C,User,32,40,1,1,0
Flipboard/FLEX,Flipboard,2014-05-29,https://github.com/Flipboard/FLEX,81,385,9704,1054,True,True,True,True,2,4,Software tools,Objective-C,Organization,52,55,4,25,2
matryer/bitbar,matryer,2013-11-13,https://github.com/matryer/bitbar,130,534,10005,389,False,True,False,True,4,5,Software tools,Objective-C,User,68,70,3,10,2
eczarny/spectacle,eczarny,2010-07-11,https://github.com/eczarny/spectacle,31,574,10144,544,True,True,False,True,2,8,Application software,Objective-C,User,28,28,1,26,0
facebook/Shimmer,facebook,2014-02-18,https://github.com/facebook/Shimmer,19,40,8696,1050,True,True,False,True,2,4,Non-web libraries and frameworks,Objective-C,Organization,13,22,1,1,0
forkingdog/UITableView-FDTemplateLayoutCell,forkingdog,2015-04-16,https://github.com/forkingdog/UITableView-FDTemplateLayoutCell,12,26,9207,1943,False,True,True,True,2,3,Non-web libraries and frameworks,Objective-C,Organization,5,10,2,19,2
begriffs/postgrest,begriffs,2014-06-13,https://github.com/begriffs/postgrest,347,1131,11304,494,False,True,True,True,4,4,Web libraries and frameworks,Haskell,User,72,73,4,6,2
jgm/pandoc,jgm,2010-03-20,https://github.com/jgm/pandoc,740,9534,13127,1472,True,True,True,True,14,8,Non-web libraries and frameworks,Haskell,User,285,290,6,8,2
koalaman/shellcheck,koalaman,2012-11-17,https://github.com/koalaman/shellcheck,114,951,12374,625,False,True,True,True,3,6,Software tools,Haskell,User,78,78,1,8,2
elm-lang/elm-compiler,elm-lang,2012-04-19,https://github.com/elm-lang/elm-compiler,362,4648,4772,374,False,True,False,True,9,6,Software tools,Haskell,Organization,98,102,1,1,1
purescript/purescript,purescript,2013-09-30,https://github.com/purescript/purescript,1316,2907,5173,369,True,True,True,True,8,5,Software tools,Haskell,Organization,151,159,5,4,2
facebook/Haxl,facebook,2014-04-02,https://github.com/facebook/Haxl,15,164,3320,272,True,False,True,True,1,4,Non-web libraries and frameworks,Haskell,Organization,28,37,4,3,2
commercialhaskell/stack,commercialhaskell,2015-04-29,https://github.com/commercialhaskell/stack,994,4024,2863,629,True,True,True,True,7,3,Software tools,Haskell,Organization,255,344,22,5,2
idris-lang/Idris-dev,idris-lang,2011-09-14,https://github.com/idris-lang/Idris-dev,2125,9073,2573,570,True,True,True,True,11,7,System software,Haskell,Organization,338,341,8,3,2
sdiehl/write-you-a-haskell,sdiehl,2015-01-05,https://github.com/sdiehl/write-you-a-haskell,55,88,2163,174,False,True,True,True,14,3,Documentation,Haskell,User,13,35,1,21,0
yesodweb/yesod,yesodweb,2009-06-27,https://github.com/yesodweb/yesod,497,4596,1985,315,True,True,True,True,6,9,Web libraries and frameworks,Haskell,Organization,238,239,16,9,2
ghcjs/ghcjs,ghcjs,2010-08-19,https://github.com/ghcjs/ghcjs,68,1035,2020,144,False,True,True,True,9,8,Software tools,Haskell,Organization,39,41,3,18,0
jameysharp/corrode,jameysharp,2016-05-05,https://github.com/jameysharp/corrode,33,118,1861,96,True,True,False,True,4,2,Software tools,Haskell,User,11,23,1,5,0
ghc/ghc,ghc,2011-04-02,https://github.com/ghc/ghc,10,17958,1953,521,False,True,False,True,28,7,Software tools,Haskell,Organization,450,674,2,2,2
jaspervdj/hakyll,jaspervdj,2009-12-02,https://github.com/jaspervdj/hakyll,242,1511,1819,314,False,True,True,True,5,9,Software tools,Haskell,User,166,167,1,11,2
gibiansky/IHaskell,gibiansky,2013-08-26,https://github.com/gibiansky/IHaskell,309,1193,1780,183,False,True,True,True,8,5,System software,Haskell,User,69,77,3,3,2
typelead/eta,typelead,2016-04-07,https://github.com/typelead/eta,161,2146,2038,134,True,True,False,True,10,2,Software tools,Haskell,Organization,61,62,2,1,2
jgm/gitit,jgm,2008-11-07,https://github.com/jgm/gitit,93,974,1567,169,False,True,True,True,9,10,Documentation,Haskell,User,57,59,1,20,1
lamdu/lamdu,lamdu,2011-10-20,https://github.com/lamdu/lamdu,27,6826,1483,55,False,True,True,True,6,7,Software tools,Haskell,Organization,17,18,2,38,2
mikeizbicki/HLearn,mikeizbicki,2012-07-18,https://github.com/mikeizbicki/HLearn,18,640,1422,130,False,True,True,True,8,6,Non-web libraries and frameworks,Haskell,User,17,17,1,9,0
valderman/haste-compiler,valderman,2012-01-26,https://github.com/valderman/haste-compiler,59,1458,1307,100,False,True,True,True,10,6,Software tools,Haskell,User,45,45,1,3,0
unisonweb/unison,unisonweb,2015-05-06,https://github.com/unisonweb/unison,162,1890,1392,49,False,True,True,True,4,3,Software tools,Haskell,Organization,16,23,5,2,1
faylang/fay,faylang,2012-07-21,https://github.com/faylang/fay,65,674,1163,89,False,True,True,True,2,6,Software tools,Haskell,Organization,30,47,3,1,2
ekmett/lens,ekmett,2012-07-25,https://github.com/ekmett/lens,282,1731,1374,207,False,True,True,True,2,6,Documentation,Haskell,User,128,140,14,3,2
yi-editor/yi,yi-editor,2011-02-06,https://github.com/yi-editor/yi,272,1656,1221,172,False,True,True,True,4,7,Software tools,Haskell,Organization,79,176,11,4,2
scotty-web/scotty,scotty-web,2011-12-30,https://github.com/scotty-web/scotty,71,328,1256,116,False,True,True,True,2,7,Web libraries and frameworks,Haskell,Organization,46,51,3,12,2
carp-lang/Carp,carp-lang,2016-01-11,https://github.com/carp-lang/Carp,196,1725,2362,81,False,True,True,True,5,2,Software tools,Haskell,Organization,22,29,2,2,2
sdiehl/wiwinwlh,sdiehl,2014-03-31,https://github.com/sdiehl/wiwinwlh,143,734,1326,164,False,True,False,True,12,4,Documentation,Haskell,User,94,108,1,3,2
olivierverdier/zsh-git-prompt,olivierverdier,2010-04-29,https://github.com/olivierverdier/zsh-git-prompt,5,99,1150,265,False,True,False,True,3,8,Software tools,Haskell,User,7,9,1,172,0
HuwCampbell/grenade,HuwCampbell,2016-06-23,https://github.com/HuwCampbell/grenade,33,107,1110,58,False,True,True,True,3,2,Non-web libraries and frameworks,Haskell,User,10,11,1,2,2
facebookincubator/duckling,facebookincubator,2017-03-02,https://github.com/facebookincubator/duckling,0,263,1896,265,True,True,False,True,2,1,Non-web libraries and frameworks,Haskell,Organization,91,138,0,0,2
moby/moby,moby,2013-01-18,https://github.com/moby/moby,15127,33334,39990,14145,True,True,True,True,8,5,Non-web libraries and frameworks,Go,Organization,2050,2119,64,6,2
golang/go,golang,2014-08-19,https://github.com/golang/go,0,15886,39990,6373,True,True,True,True,16,4,System software,Go,Organization,948,1396,0,0,2
kubernetes/kubernetes,kubernetes,2014-06-06,https://github.com/kubernetes/kubernetes,32828,66478,39990,14228,True,True,False,True,10,4,Software tools,Go,Organization,2117,2218,90,9,2
getlantern/lantern,getlantern,2011-02-17,https://github.com/getlantern/lantern,685,6061,37820,8467,False,True,True,True,19,7,Application software,Go,Organization,72,73,9,1,1
avelino/awesome-go,avelino,2014-07-06,https://github.com/avelino/awesome-go,1447,2167,35635,4443,True,True,False,True,2,4,Documentation,Go,User,850,968,13,7,2
gogits/gogs,gogits,2014-02-12,https://github.com/gogits/gogs,873,3628,16530,3133,False,True,True,True,7,4,Software tools,Go,Organization,400,446,3,11,1
gohugoio/hugo,gohugoio,2013-07-04,https://github.com/gohugoio/hugo,673,4303,29201,3373,True,True,False,True,5,5,Web libraries and frameworks,Go,Organization,563,595,7,6,2
astaxie/build-web-application-with-golang,astaxie,2012-08-02,https://github.com/astaxie/build-web-application-with-golang,673,4050,25330,7155,False,True,True,True,4,6,Documentation,Go,User,318,365,1,4,2
grafana/grafana,grafana,2013-12-11,https://github.com/grafana/grafana,2425,15093,24101,4124,True,True,True,True,10,5,Web libraries and frameworks,Go,Organization,763,837,12,7,2
syncthing/syncthing,syncthing,2013-11-26,https://github.com/syncthing/syncthing,839,4476,22209,1862,True,True,True,True,7,5,Software tools,Go,Organization,184,192,5,2,2
coreos/etcd,coreos,2013-07-06,https://github.com/coreos/etcd,5186,13428,20555,4051,True,True,False,True,6,5,System software,Go,Organization,500,536,29,2,2
mholt/caddy,mholt,2015-01-13,https://github.com/mholt/caddy,690,1765,18628,1412,False,True,True,True,4,3,System software,Go,User,237,251,16,5,2
astaxie/beego,astaxie,2012-02-29,https://github.com/astaxie/beego,665,3199,17181,3590,True,True,True,True,1,6,Web libraries and frameworks,Go,User,359,359,3,9,2
gin-gonic/gin,gin-gonic,2014-06-16,https://github.com/gin-gonic/gin,379,885,20864,2457,True,True,False,True,3,4,Web libraries and frameworks,Go,Organization,153,188,4,16,2
influxdata/influxdb,influxdata,2013-09-26,https://github.com/influxdata/influxdb,3570,12359,14467,2074,True,True,True,True,5,5,System software,Go,Organization,345,373,36,4,2
prometheus/prometheus,prometheus,2012-11-24,https://github.com/prometheus/prometheus,1980,4616,19268,2521,True,True,True,True,8,6,Software tools,Go,Organization,303,303,23,4,2
github/hub,github,2009-12-05,https://github.com/github/hub,275,2409,13727,1339,True,True,False,True,6,9,Software tools,Go,Organization,168,183,5,21,2
inconshreveable/ngrok,inconshreveable,2013-03-20,https://github.com/inconshreveable/ngrok,34,139,14470,2283,False,True,False,True,4,5,Software tools,Go,User,23,28,1,21,0
cockroachdb/cockroach,cockroachdb,2014-02-06,https://github.com/cockroachdb/cockroach,14713,33402,14399,1505,True,True,True,True,22,4,System software,Go,Organization,253,258,73,2,2
drone/drone,drone,2014-02-07,https://github.com/drone/drone,777,2639,15799,1569,False,True,False,True,5,4,Software tools,Go,Organization,201,257,1,4,2
cayleygraph/cayley,cayleygraph,2014-06-05,https://github.com/cayleygraph/cayley,286,864,11750,1016,False,True,False,True,9,4,System software,Go,Organization,73,84,3,15,2
nsqio/nsq,nsqio,2012-05-12,https://github.com/nsqio/nsq,562,1434,13442,1737,True,True,False,True,8,6,System software,Go,Organization,98,99,5,7,2
hashicorp/consul,hashicorp,2013-11-04,https://github.com/hashicorp/consul,1760,8253,13591,2354,False,True,False,True,10,5,Software tools,Go,Organization,490,503,32,4,2
junegunn/fzf,junegunn,2013-10-23,https://github.com/junegunn/fzf,167,1315,17157,658,False,True,True,True,6,5,Software tools,Go,User,101,103,1,4,2
go-martini/martini,go-martini,2013-10-30,https://github.com/go-martini/martini,156,221,10290,1054,False,True,False,True,1,5,Web libraries and frameworks,Go,Organization,71,121,2,6,0
containous/traefik,containous,2015-09-13,https://github.com/containous/traefik,1633,2284,17939,1791,True,True,True,True,8,3,Software tools,Go,Organization,324,346,11,5,2
pingcap/tidb,pingcap,2015-09-06,https://github.com/pingcap/tidb,5330,4452,15161,2129,True,True,True,True,5,3,System software,Go,Organization,212,239,47,2,2
hashicorp/terraform,hashicorp,2014-03-13,https://github.com/hashicorp/terraform,6696,20154,13672,4046,False,True,False,True,7,4,Software tools,Go,Organization,1384,1417,49,6,2
revel/revel,revel,2011-12-09,https://github.com/revel/revel,355,1450,10303,1201,True,True,True,True,4,7,Web libraries and frameworks,Go,Organization,141,141,9,23,2
joewalnes/websocketd,joewalnes,2013-02-14,https://github.com/joewalnes/websocketd,70,213,9923,599,False,True,True,True,3,5,Software tools,Go,User,34,36,2,3,2
erlang/otp,erlang,2009-11-16,https://github.com/erlang/otp,1055,29688,7068,1724,True,True,True,True,23,9,System software,Erlang,Organization,554,572,23,23,2
lk-geimfari/awesomo,lk-geimfari,2016-12-13,https://github.com/lk-geimfari/awesomo,114,169,5999,370,True,True,False,True,1,2,Documentation,Erlang,User,45,89,6,2,2
ninenines/cowboy,ninenines,2011-03-09,https://github.com/ninenines/cowboy,176,1643,5193,911,False,False,False,True,3,7,System software,Erlang,Organization,115,116,4,17,2
apache/couchdb,apache,2009-05-21,https://github.com/apache/couchdb,588,9530,3859,718,True,False,False,True,10,9,System software,Erlang,Organization,178,179,18,12,2
processone/ejabberd,processone,2010-02-08,https://github.com/processone/ejabberd,372,4559,3687,1116,False,True,True,True,12,8,Non-web libraries and frameworks,Erlang,Organization,128,139,8,8,2
rabbitmq/rabbitmq-server,rabbitmq,2010-09-20,https://github.com/rabbitmq/rabbitmq-server,633,10944,4659,1228,True,True,False,True,5,8,Non-web libraries and frameworks,Erlang,Organization,96,111,12,3,2
emqtt/emqttd,emqtt,2012-12-17,https://github.com/emqtt/emqttd,443,3093,3637,717,False,True,True,True,2,6,Non-web libraries and frameworks,Erlang,Organization,54,54,10,1,1
ChicagoBoss/ChicagoBoss,ChicagoBoss,2009-10-04,https://github.com/ChicagoBoss/ChicagoBoss,263,1463,1733,297,False,True,True,True,7,9,Non-web libraries and frameworks,Erlang,Organization,80,80,6,5,2
happi/theBeamBook,happi,2017-03-23,https://github.com/happi/theBeamBook,80,24,2081,178,False,True,True,True,8,1,Documentation,Erlang,User,13,36,3,2,2
mochi/mochiweb,mochi,2010-05-22,https://github.com/mochi/mochiweb,67,315,1622,401,False,True,True,True,4,8,Non-web libraries and frameworks,Erlang,Organization,54,65,5,16,1
rvirding/lfe,rvirding,2008-08-19,https://github.com/rvirding/lfe,116,936,1630,97,False,True,True,True,6,10,Software tools,Erlang,User,35,35,1,18,0
discoproject/disco,discoproject,2008-07-24,https://github.com/discoproject/disco,187,3374,1556,240,False,True,True,True,8,10,Non-web libraries and frameworks,Erlang,Organization,49,54,4,8,0
webmachine/webmachine,webmachine,2010-01-25,https://github.com/webmachine/webmachine,151,438,1409,242,False,True,True,True,5,8,Software tools,Erlang,Organization,75,79,23,46,2
processone/tsung,processone,2010-02-01,https://github.com/processone/tsung,149,1047,1662,339,False,True,False,True,8,8,Web libraries and frameworks,Erlang,Organization,84,89,3,32,2
basho/rebar,basho,2010-04-16,https://github.com/basho/rebar,33,940,1090,256,True,True,False,True,3,8,Software tools,Erlang,Organization,122,140,6,28,0
synrc/n2o,synrc,2013-03-29,https://github.com/synrc/n2o,172,1242,1123,156,False,True,True,True,5,5,System software,Erlang,Organization,58,62,2,3,1
leo-project/leofs,leo-project,2012-06-06,https://github.com/leo-project/leofs,199,1482,1207,136,False,True,True,True,8,6,System software,Erlang,Organization,20,21,2,2,2
klacke/yaws,klacke,2009-02-20,https://github.com/klacke/yaws,69,1048,1082,219,False,True,True,True,14,9,System software,Erlang,User,74,92,3,3,2
erlio/vernemq,erlio,2015-05-27,https://github.com/erlio/vernemq,237,900,1468,155,False,True,True,True,7,3,Non-web libraries and frameworks,Erlang,Organization,18,23,3,5,1
biokoda/actordb,biokoda,2014-01-21,https://github.com/biokoda/actordb,3,344,1685,61,False,True,True,True,5,4,System software,Erlang,Organization,8,9,1,0,1
devinus/poolboy,devinus,2010-11-02,https://github.com/devinus/poolboy,37,214,1096,230,False,True,True,True,2,8,Non-web libraries and frameworks,Erlang,User,32,32,2,25,1
rebar/rebar,rebar,2012-10-25,https://github.com/rebar/rebar,33,940,1090,256,True,True,False,True,3,6,Software tools,Erlang,Organization,122,140,6,28,0
erlang-lager/lager,erlang-lager,2011-06-24,https://github.com/erlang-lager/lager,230,747,948,349,False,True,True,True,3,7,Non-web libraries and frameworks,Erlang,Organization,108,113,12,24,2
basho/riak_core,basho,2010-07-22,https://github.com/basho/riak_core,529,1842,897,323,False,True,True,True,2,8,Non-web libraries and frameworks,Erlang,Organization,96,101,47,12,0
nitrogen/nitrogen,nitrogen,2008-10-28,https://github.com/nitrogen/nitrogen,34,741,843,145,False,True,True,True,9,10,Web libraries and frameworks,Erlang,Organization,33,44,1,10,0
alpaca-lang/alpaca,alpaca-lang,2016-01-28,https://github.com/alpaca-lang/alpaca,146,714,1006,41,False,True,True,True,4,2,Software tools,Erlang,Organization,15,18,2,1,2
heroku/logplex,heroku,2010-12-13,https://github.com/heroku/logplex,141,1868,863,85,False,True,True,True,4,8,System software,Erlang,Organization,33,34,15,11,2
esl/MongooseIM,esl,2011-09-09,https://github.com/esl/MongooseIM,1123,6797,1020,308,True,True,True,True,12,7,Application software,Erlang,Organization,119,149,26,14,2
tarcieri/reia,tarcieri,2008-03-21,https://github.com/tarcieri/reia,2,1067,747,36,False,True,True,True,3,10,Software tools,Erlang,User,10,10,0,0,0
uwiger/gproc,uwiger,2010-02-11,https://github.com/uwiger/gproc,55,296,855,167,False,True,True,True,2,8,Software tools,Erlang,User,33,39,1,34,2
rails/rails,rails,2008-04-11,https://github.com/rails/rails,14487,61495,39990,16235,True,True,False,True,7,10,Web libraries and frameworks,Ruby,Organization,4361,4482,68,12,2
jekyll/jekyll,jekyll,2008-10-20,https://github.com/jekyll/jekyll,2382,9784,35591,7619,False,True,True,True,8,10,Application software,Ruby,Organization,902,934,15,12,2
Homebrew/legacy-homebrew,Homebrew,2009-05-20,https://github.com/Homebrew/legacy-homebrew,222,62681,28326,12577,False,True,False,True,3,9,System software,Ruby,Organization,6594,6660,57,10,0
toddmotto/public-apis,toddmotto,2016-03-20,https://github.com/toddmotto/public-apis,567,1435,39990,4202,False,True,True,False,2,2,Documentation,Ruby,User,317,471,7,11,2
discourse/discourse,discourse,2013-01-12,https://github.com/discourse/discourse,4856,26486,26260,5953,True,True,True,True,5,5,Application software,Ruby,Organization,636,783,25,2,2
gitlabhq/gitlabhq,gitlabhq,2011-10-02,https://github.com/gitlabhq/gitlabhq,2227,4140,21247,5365,True,True,False,True,8,7,Software tools,Ruby,Organization,239,239,24,9,1
bayandin/awesome-awesomeness,bayandin,2014-07-08,https://github.com/bayandin/awesome-awesomeness,120,335,22281,2781,True,True,False,False,1,4,Documentation,Ruby,User,131,187,4,159,2
fastlane/fastlane,fastlane,2014-12-02,https://github.com/fastlane/fastlane,4229,10752,23357,3490,True,True,False,True,8,4,Software tools,Ruby,Organization,898,980,28,3,2
plataformatec/devise,plataformatec,2009-09-16,https://github.com/plataformatec/devise,649,3027,19155,4439,True,True,True,True,2,9,Non-web libraries and frameworks,Ruby,Organization,597,615,14,14,2
huginn/huginn,huginn,2013-03-10,https://github.com/huginn/huginn,791,2820,19728,2136,False,True,True,True,7,5,Web libraries and frameworks,Ruby,Organization,176,192,6,8,2
mitchellh/vagrant,mitchellh,2010-01-21,https://github.com/mitchellh/vagrant,1855,10666,17328,3473,False,True,True,True,9,8,Software tools,Ruby,User,1031,1043,11,15,2
jondot/awesome-react-native,jondot,2015-03-26,https://github.com/jondot/awesome-react-native,687,1566,21544,2536,True,True,True,False,4,3,Documentation,Ruby,User,460,484,1,6,2
Thibaut/devdocs,Thibaut,2013-10-24,https://github.com/Thibaut/devdocs,21,2405,18878,1195,True,True,True,True,6,5,Documentation,Ruby,User,80,86,1,5,2
ruby/ruby,ruby,2010-02-27,https://github.com/ruby/ruby,15,31425,14864,3701,True,True,False,True,23,8,System software,Ruby,Organization,69,102,4,2,1
twbs/bootstrap-sass,twbs,2011-09-06,https://github.com/twbs/bootstrap-sass,139,955,12682,3377,True,True,False,True,5,7,Web libraries and frameworks,Ruby,Organization,104,114,5,6,2
kilimchoi/engineering-blogs,kilimchoi,2015-06-13,https://github.com/kilimchoi/engineering-blogs,653,891,14149,1514,False,True,True,False,1,3,Documentation,Ruby,User,171,348,2,4,2
caskroom/homebrew-cask,caskroom,2012-03-05,https://github.com/caskroom/homebrew-cask,36866,78103,13711,6489,True,True,False,True,2,6,Software tools,Ruby,Organization,5424,5427,23,0,2
diaspora/diaspora,diaspora,2010-09-15,https://github.com/diaspora/diaspora,1868,13236,11968,2810,True,True,True,True,6,8,Application software,Ruby,Organization,371,498,29,8,2
sass/sass,sass,2010-09-22,https://github.com/sass/sass,235,2298,11541,1928,True,True,False,True,4,8,Software tools,Ruby,Organization,151,221,2,18,0
tootsuite/mastodon,tootsuite,2016-02-22,https://github.com/tootsuite/mastodon,4300,5960,15417,2513,True,True,False,True,6,2,System software,Ruby,Organization,571,571,9,1,2
capistrano/capistrano,capistrano,2009-02-26,https://github.com/capistrano/capistrano,591,1613,10647,1625,True,True,False,True,3,9,Software tools,Ruby,Organization,250,250,8,17,2
CocoaPods/CocoaPods,CocoaPods,2011-08-14,https://github.com/CocoaPods/CocoaPods,1147,7387,10923,1951,True,True,True,True,2,7,Software tools,Ruby,Organization,306,313,30,7,2
sinatra/sinatra,sinatra,2009-01-14,https://github.com/sinatra/sinatra,546,3325,10209,1778,True,True,False,True,6,9,Software tools,Ruby,Organization,394,436,7,20,2
imathis/octopress,imathis,2009-10-18,https://github.com/imathis/octopress,249,739,9539,2763,False,True,True,False,4,9,Application software,Ruby,User,131,136,7,21,0
rapid7/metasploit-framework,rapid7,2011-08-30,https://github.com/rapid7/metasploit-framework,6525,36660,13704,6819,True,True,True,True,19,7,Software tools,Ruby,Organization,897,937,57,10,2
spree/spree,spree,2008-03-10,https://github.com/spree/spree,1595,18233,9419,4056,False,True,True,True,6,10,Web libraries and frameworks,Ruby,Organization,986,995,29,6,2
thoughtbot/paperclip,thoughtbot,2008-04-10,https://github.com/thoughtbot/paperclip,297,1755,9013,1906,True,True,True,True,3,10,Non-web libraries and frameworks,Ruby,Organization,436,448,18,31,2
Homebrew/brew,Homebrew,2016-03-06,https://github.com/Homebrew/brew,2745,6738,14405,3212,True,True,False,True,6,2,System software,Ruby,Organization,230,711,25,3,2
thoughtbot/bourbon,thoughtbot,2011-04-23,https://github.com/thoughtbot/bourbon,298,983,8718,905,True,True,False,True,4,7,Software tools,Ruby,Organization,128,137,17,14,2
ruby-grape/grape,ruby-grape,2010-08-02,https://github.com/ruby-grape/grape,648,1995,8607,1033,True,True,False,True,1,8,Web libraries and frameworks,Ruby,Organization,355,358,5,3,2
laravel/laravel,laravel,2011-06-08,https://github.com/laravel/laravel,1065,4302,39990,14059,False,False,False,False,3,7,Web libraries and frameworks,PHP,Organization,561,573,10,7,2
symfony/symfony,symfony,2010-01-04,https://github.com/symfony/symfony,10354,38102,18779,6333,True,True,False,True,6,8,Web libraries and frameworks,PHP,Organization,2147,2160,30,7,2
bcit-ci/CodeIgniter,bcit-ci,2011-08-19,https://github.com/bcit-ci/CodeIgniter,1218,5978,16592,7369,False,False,True,True,7,7,Web libraries and frameworks,PHP,Organization,452,580,13,9,2
domnikl/DesignPatternsPHP,domnikl,2011-08-22,https://github.com/domnikl/DesignPatternsPHP,202,890,15939,3175,False,True,True,True,6,7,Documentation,PHP,User,164,164,3,11,2
fzaninotto/Faker,fzaninotto,2011-10-14,https://github.com/fzaninotto/Faker,658,2231,17657,2179,True,False,False,True,2,7,Web libraries and frameworks,PHP,User,427,441,1,21,2
yiisoft/yii2,yiisoft,2012-02-13,https://github.com/yiisoft/yii2,3921,18203,12361,6169,False,True,True,True,10,6,Web libraries and frameworks,PHP,Organization,1185,1187,9,5,2
composer/composer,composer,2011-06-08,https://github.com/composer/composer,1555,7673,16530,5231,False,True,False,True,2,7,Software tools,PHP,Organization,827,837,5,16,2
guzzle/guzzle,guzzle,2011-02-28,https://github.com/guzzle/guzzle,547,3035,14126,1812,False,True,False,True,4,7,Web libraries and frameworks,PHP,Organization,324,324,7,8,2
WordPress/WordPress,WordPress,2011-12-01,https://github.com/WordPress/WordPress,0,19359,11479,6791,False,False,False,True,3,7,Application software,PHP,Organization,65,85,0,0,1
PHPMailer/PHPMailer,PHPMailer,2011-08-23,https://github.com/PHPMailer/PHPMailer,211,1279,11874,5530,False,True,True,True,2,7,Non-web libraries and frameworks,PHP,Organization,173,174,1,5,2
PHPOffice/PHPExcel,PHPOffice,2012-06-18,https://github.com/PHPOffice/PHPExcel,94,646,10474,3541,False,True,True,True,2,6,Non-web libraries and frameworks,PHP,Organization,63,74,4,15,2
phacility/phabricator,phacility,2011-01-21,https://github.com/phacility/phabricator,114,14624,10174,1257,False,True,False,True,10,7,Documentation,PHP,Organization,272,293,4,0,2
roots/sage,roots,2011-01-29,https://github.com/roots/sage,623,2089,9612,2589,False,True,True,True,4,7,Web libraries and frameworks,PHP,Organization,219,226,9,5,2
phalcon/cphalcon,phalcon,2011-11-26,https://github.com/phalcon/cphalcon,2293,9824,9205,1690,True,True,True,True,11,7,Web libraries and frameworks,PHP,Organization,289,290,7,4,2
slimphp/Slim,slimphp,2010-09-21,https://github.com/slimphp/Slim,603,2666,9264,1775,True,True,True,True,1,8,Web libraries and frameworks,PHP,Organization,228,240,5,16,2
phanan/koel,phanan,2015-12-06,https://github.com/phanan/koel,180,828,9511,1065,False,True,True,True,3,3,Application software,PHP,User,18,44,1,1,2
laravel/framework,laravel,2013-01-10,https://github.com/laravel/framework,7373,20502,14255,5806,True,True,False,True,7,5,Web libraries and frameworks,PHP,Organization,2017,2112,6,2,2
piwik/piwik,piwik,2011-03-30,https://github.com/piwik/piwik,2633,20682,600,1533,True,True,True,True,12,7,Software tools,PHP,Organization,276,282,6,7,2
getgrav/grav,getgrav,2014-08-02,https://github.com/getgrav/grav,349,3535,9618,930,True,True,True,True,4,4,Application software,PHP,Organization,153,162,6,6,2
cakephp/cakephp,cakephp,2010-05-08,https://github.com/cakephp/cakephp,5942,26816,7648,3305,False,True,True,True,5,8,Web libraries and frameworks,PHP,Organization,673,731,26,2,2
serbanghita/Mobile-Detect,serbanghita,2012-08-31,https://github.com/serbanghita/Mobile-Detect,112,598,8194,2130,False,True,True,True,1,6,Web libraries and frameworks,PHP,User,92,98,1,30,2
danielmiessler/SecLists,danielmiessler,2012-02-19,https://github.com/danielmiessler/SecLists,106,518,14673,5015,True,True,True,True,9,6,System software,PHP,User,73,73,3,73,2
CachetHQ/Cachet,CachetHQ,2014-11-16,https://github.com/CachetHQ/Cachet,1136,4832,8771,994,True,True,False,True,4,4,Software tools,PHP,Organization,122,164,7,2,2
Seldaek/monolog,Seldaek,2011-02-17,https://github.com/Seldaek/monolog,455,1802,12010,1407,False,True,True,True,1,7,Non-web libraries and frameworks,PHP,User,352,363,1,26,2
dingo/api,dingo,2014-04-11,https://github.com/dingo/api,212,801,7830,1070,True,False,True,True,1,4,Web libraries and frameworks,PHP,Organization,89,98,5,31,2
sebastianbergmann/phpunit,sebastianbergmann,2009-12-24,https://github.com/sebastianbergmann/phpunit,431,7975,11615,1634,False,True,True,True,1,9,Non-web libraries and frameworks,PHP,User,384,400,3,9,2
octobercms/october,octobercms,2013-11-26,https://github.com/octobercms/october,818,4257,7543,1808,True,True,True,True,4,5,Application software,PHP,Organization,321,335,2,7,2
twostairs/paperwork,twostairs,2014-07-03,https://github.com/twostairs/paperwork,297,1079,6640,623,False,True,True,True,1,4,Application software,PHP,Organization,53,53,3,9,2
briannesbitt/Carbon,briannesbitt,2012-09-08,https://github.com/briannesbitt/Carbon,638,1598,10409,989,False,False,False,True,1,6,Web libraries and frameworks,PHP,User,205,207,4,41,1
barryvdh/laravel-debugbar,barryvdh,2013-09-05,https://github.com/barryvdh/laravel-debugbar,145,522,8149,825,False,False,False,True,3,5,Non-web libraries and frameworks,PHP,User,89,97,1,35,2
